<?xml version="1.0" encoding="UTF-8"?>
<project-private xmlns="http://www.netbeans.org/ns/project-private/1">
    <editor-bookmarks xmlns="http://www.netbeans.org/ns/editor-bookmarks/2" lastBookmarkId="0"/>
    <open-files xmlns="http://www.netbeans.org/ns/projectui-open-files/2">
        <group>
            <file>file:/C:/Users/Saul/Desktop/WebServices/src/java/WebServices/ApplicationConfig.java</file>
            <file>file:/C:/Users/Saul/Desktop/WebServices/web/index.html</file>
            <file>file:/C:/Users/Saul/Desktop/WebServices/src/java/WebServices/ConversorResource.java</file>
            <file>file:/C:/Users/Saul/Desktop/WebServices/src/java/WebServices/Tareas.java</file>
        </group>
    </open-files>
</project-private>
